incident_id,scraped_at_utc,orgao,data,hora,cidade,tipo,detalhe,local,viaturas,militares,latitude,longitude
bfe7cf6d47147279,2026-07-07T13:37:39Z,CBM,2026-07-06,13:33:37,UNIÃO DOS PALMARES,INCÊNDIO,Edificação - Manipulação de Explosivos,"RUA TAVARES BASTOS, UNIÃO DOS PALMARES-AL",1 VIATURAS EMPREGADAS.,3 MILITARES EMPREGADOS.,-9.157438,-36.0311805
0458de26ca21468f,2026-07-07T13:37:39Z,CBM,2026-07-06,17:47:13,MACEIÓ,INCÊNDIO,Edificação - Residencial,"RUA DONA MARIA JOSÉ CAVALCANTE, MACEIÓ-AL",3 VIATURAS EMPREGADAS.,11 MILITARES EMPREGADOS.,-9.6207602,-35.7565116
1ab98dc44ccd8ed3,2026-07-07T13:37:39Z,CBM,2026-07-06,18:01:26,MACEIÓ,INCÊNDIO,Edificação - Comercial,"AVENIDA FERNANDES LIMA, MACEIÓ-AL",2 VIATURAS EMPREGADAS.,6 MILITARES EMPREGADOS.,-9.6460571,-35.7343646
7f111de68c88e654,2026-07-07T13:37:39Z,CBM,2026-07-06,18:17:22,ARAPIRACA,INCÊNDIO,Diversos - Outros Incêndios,"RUA JÚLIO PAIXÃO DA SILVA, 14, ARAPIRACA-AL",1 VIATURAS EMPREGADAS.,3 MILITARES EMPREGADOS.,-9.7367066,-36.6713926
c6a8b7994cf2ad71,2026-07-07T13:37:39Z,CBM,2026-07-06,20:16:38,JAPARATINGA,INCÊNDIO,Vegetação - Rasteira/Terreno baldio,"RODOVIA AL - 101 NORTE, JAPARATINGA-AL",1 VIATURAS EMPREGADAS.,3 MILITARES EMPREGADOS.,,
d60e66a33354836e,2026-07-08T12:05:12Z,CBM,2026-07-07,01:44:22,MACEIÓ,INCÊNDIO,Edificação - Outras Edificações,"RUA SANTA RITA, MACEIÓ-AL",1 VIATURAS EMPREGADAS.,4 MILITARES EMPREGADOS.,-9.5698881,-35.7897245
cfc35aed077e8e8f,2026-07-08T12:05:12Z,CBM,2026-07-07,17:59:46,MACEIÓ,INCÊNDIO,Diversos - Outros Incêndios,"ANTARES, MACEIÓ-AL",1 VIATURAS EMPREGADAS.,3 MILITARES EMPREGADOS.,-9.5794626,-35.7362542
2fdedd993cfc9c11,2026-07-08T12:05:12Z,CBM,2026-07-07,21:40:38,MACEIÓ,INCÊNDIO,Diversos - Outros Incêndios,"RUA PROFESSOR BENEDITO CUNEGUNDES, 45, MACEIÓ-AL",1 VIATURAS EMPREGADAS.,5 MILITARES EMPREGADOS.,-9.6593473,-35.7139718
302a22ad65d4842f,2026-07-10T12:29:42Z,CBM,2026-07-09,11:20:51,MARAGOGI,INCÊNDIO,Edificação - Residencial,"RUA DO CAMPO, ABREU DO UNA, SÃO JOSÉ DA COROA GRANDE (PE), MARAGOGI-AL",2 VIATURAS EMPREGADAS.,6 MILITARES EMPREGADOS.,,
8120da40886d03d4,2026-07-10T12:29:42Z,CBM,2026-07-09,11:54:44,CRAÍBAS,INCÊNDIO,Meio de Transporte - Veículo de transporte coletivo,"POVOADO SÍTIO SANTA ROSA, CRAÍBAS-AL",2 VIATURAS EMPREGADAS.,8 MILITARES EMPREGADOS.,,
0ec11cfc12b0aa08,2026-07-10T12:29:42Z,CBM,2026-07-09,12:00:46,MACEIÓ,INCÊNDIO,Edificação - Residencial,"RUA CORONEL PACHECO RAMALHO, 196, MACEIÓ-AL",4 VIATURAS EMPREGADAS.,14 MILITARES EMPREGADOS.,-9.6402915,-35.7319518
50b6b6f906078c3a,2026-07-10T12:29:42Z,CBM,2026-07-09,14:12:34,MACEIÓ,INCÊNDIO,Edificação - Residencial,"RUA DA SAUDADE, MACEIÓ-AL",2 VIATURAS EMPREGADAS.,7 MILITARES EMPREGADOS.,-9.6332191,-35.7219673
a573a8449e55e69f,2026-07-10T12:29:42Z,CBM,2026-07-09,16:17:27,MACEIÓ,INCÊNDIO,Diversos - Outros Incêndios,"AVENIDA FERNANDES LIMA, MACEIÓ-AL",1 VIATURAS EMPREGADAS.,4 MILITARES EMPREGADOS.,-9.6460571,-35.7343646
aca30fea41afec33,2026-07-10T21:12:23Z,CBM,2026-07-09,23:13:00,COITÉ DO NÓIA,INCÊNDIO,Edificação - Residencial,"POV. INGAZEIRA, COITÉ DO NÓIA-AL",3 VIATURAS EMPREGADAS.,11 MILITARES EMPREGADOS.,,
9aae61550bd6301e,2026-07-11T08:16:23Z,CBM,2026-07-10,07:21:37,ARAPIRACA,INCÊNDIO,Diversos - Outros Incêndios,"RUA BELA VISTA, 205, ARAPIRACA-AL",1 VIATURAS EMPREGADAS.,3 MILITARES EMPREGADOS.,-9.7529185,-36.6432684
423165c46a0818e3,2026-07-11T08:16:23Z,CBM,2026-07-10,08:32:04,DELMIRO GOUVEIA,INCÊNDIO,Edificação - Residencial,"RUA HUMBERTO CAMPOS, 88 - BAIRRO NOVO, DELMIRO GOUVEIA-AL",2 VIATURAS EMPREGADAS.,7 MILITARES EMPREGADOS.,,
0de25fdba028a968,2026-07-11T08:16:23Z,CBMAL,2026-07-10,14:42:20,RIO LARGO,INCÊNDIO,Vegetação - Rasteira/Terreno baldio,"LOTEAMNETO VILA RICA , RUA DOIS, QD G1 NUMERO B7 RIO LARGO, RIO LARGO-AL",0 VIATURAS EMPREGADAS.,0 MILITARES EMPREGADOS.,-9.4742603,-35.8343275
5dbac119a4f6e8b3,2026-07-11T08:16:23Z,CBM,2026-07-10,23:14:15,PENEDO,INCÊNDIO,Edificação - Residencial,"AVENIDA GUARANI, S/N, PENEDO-AL",3 VIATURAS EMPREGADAS.,9 MILITARES EMPREGADOS.,,
b8b10e2447815db9,2026-07-12T13:58:35Z,CBM,2026-07-11,11:36:42,MACEIÓ,INCÊNDIO,Meio de Transporte - Veículo de passeio,"AVENIDA EMPRESÁRIO JORGE MONTENEGRO DE BARROS, MACEIÓ-AL",1 VIATURAS EMPREGADAS.,3 MILITARES EMPREGADOS.,-9.5874312,-35.7778007
b7b7ea9f84ae172d,2026-07-12T13:58:35Z,CBM,2026-07-11,15:22:01,MARECHAL DEODORO,INCÊNDIO,Meio de Transporte - Veículo de passeio,"RODOVIA AL 101 SUL, MARECHAL DEODORO-AL",1 VIATURAS EMPREGADAS.,5 MILITARES EMPREGADOS.,-9.7646576,-35.846769
3c6611be1d423e64,2026-07-12T13:58:35Z,CBM,2026-07-11,18:51:29,MACEIÓ,INCÊNDIO,Meio de Transporte - Veículo de passeio,"RESIDENCIAL MACEIO 1, QD I, MACEIÓ-AL",1 VIATURAS EMPREGADAS.,3 MILITARES EMPREGADOS.,-9.6476843,-35.7339264
3e1b39f91a3d40f8,2026-07-12T13:58:35Z,CBM,2026-07-11,20:28:44,DELMIRO GOUVEIA,INCÊNDIO,Vegetação - Mata/Floresta,"CISP DE DELMIRO, DELMIRO GOUVEIA-AL",1 VIATURAS EMPREGADAS.,3 MILITARES EMPREGADOS.,,
2fdd8c1ae6217b04,2026-07-12T13:58:35Z,CBM,2026-07-12,05:08:59,MACEIÓ,INCÊNDIO,Edificação - Escolar,"AV JOÃO DAVINO, MACEIÓ-AL",3 VIATURAS EMPREGADAS.,11 MILITARES EMPREGADOS.,-9.6424273,-35.7099017
1119c7693d212b3b,2026-07-14T03:38:49Z,CBM,2026-07-13,09:12:51,ARAPIRACA,INCÊNDIO,Meio de Transporte - Veículo de passeio,"RUA MARCELINO MAGALHAES, ARAPIRACA-AL",1 VIATURAS EMPREGADAS.,3 MILITARES EMPREGADOS.,-9.7510346,-36.6560133
8e52bef3148e1ab5,2026-07-14T14:16:28Z,CBM,2026-07-13,15:56:41,ARAPIRACA,INCÊNDIO,Vegetação - Outras vegetações,"AVENIDA NOSSA SENHORA DAS GRAÇAS, ARAPIRACA-AL",1 VIATURAS EMPREGADAS.,3 MILITARES EMPREGADOS.,-9.816275,-36.6078639
864c20bf914fba80,2026-07-14T19:46:18Z,CBM,2026-07-13,16:53:35,SANTANA DO IPANEMA,INCÊNDIO,Vegetação - Outras vegetações,"SÍTIO BARRIGUDA, SANTANA DO IPANEMA-AL",1 VIATURAS EMPREGADAS.,3 MILITARES EMPREGADOS.,,
fac5f53bae1d95f7,2026-07-14T19:46:18Z,CBM,2026-07-13,18:12:05,MACEIÓ,INCÊNDIO,Edificação - Outras Edificações,"LADEIRA DO CANAL 5, MACEIÓ-AL",1 VIATURAS EMPREGADAS.,5 MILITARES EMPREGADOS.,-9.6576199,-35.7256779
6ed191dcc748efce,2026-07-15T08:37:52Z,CBM,2026-07-14,08:55:45,MARECHAL DEODORO,INCÊNDIO,Edificação - Residencial,"RUA DO CARRASCO, MARECHAL DEODORO-AL",1 VIATURAS EMPREGADAS.,4 MILITARES EMPREGADOS.,-9.7362044,-35.8391331
226c83cf7a12b537,2026-07-15T08:37:52Z,CBM,2026-07-14,09:18:47,MARAGOGI,INCÊNDIO,Diversos - Outros Incêndios,"MARAGOGI, MARAGOGI-AL",1 VIATURAS EMPREGADAS.,3 MILITARES EMPREGADOS.,-8.9684376,-35.2897155
27dc3fedd5c1db0a,2026-07-15T08:37:52Z,CBM,2026-07-14,14:49:56,DELMIRO GOUVEIA,INCÊNDIO,Edificação - Comercial,"DELMIRO GOUVEIA, DELMIRO GOUVEIA-AL",1 VIATURAS EMPREGADAS.,3 MILITARES EMPREGADOS.,-9.3995135,-38.0432172
8c37fe4b59831f99,2026-07-15T19:38:36Z,CBM,2026-07-15,00:34:10,MACEIÓ,INCÊNDIO,Diversos - Outros Incêndios,"RUA NOSSA SENHORA DA CONCEIÇÃO, MACEIÓ-AL",1 VIATURAS EMPREGADAS.,3 MILITARES EMPREGADOS.,-9.5757644,-35.7523434
0ac37a7babe0953d,2026-07-16T14:26:14Z,CBM,2026-07-15,13:59:36,MACEIÓ,INCÊNDIO,Edificação - Residencial,"RECANTO DAS ESTRELAS, CASA 455, MACEIÓ-AL",3 VIATURAS EMPREGADAS.,10 MILITARES EMPREGADOS.,-9.5498035,-35.7404157
59c4f27949c28879,2026-07-16T14:26:14Z,CBM,2026-07-15,20:28:29,ARAPIRACA,INCÊNDIO,Diversos - Outros Incêndios,"RUA PEDRO PEDROSA, ARAPIRACA-AL",1 VIATURAS EMPREGADAS.,3 MILITARES EMPREGADOS.,,
4e287975c9a0aae8,2026-07-16T14:26:14Z,CBM,2026-07-15,23:27:18,MACEIÓ,INCÊNDIO,Diversos - Outros Incêndios,"AVENIDA JOSÉ AÍRTON GONDIM LAMENHA, MACEIÓ-AL",1 VIATURAS EMPREGADAS.,4 MILITARES EMPREGADOS.,-9.6097231,-35.6985696
a598248a8016ac97,2026-07-16T14:26:14Z,CBM,2026-07-16,04:17:52,BATALHA,INCÊNDIO,Diversos - Outros Incêndios,"BAIRRO SÃO PEDRO AV GOV AFRANIO LAGES, BATALHA-AL",3 VIATURAS EMPREGADAS.,11 MILITARES EMPREGADOS.,,
c84380988ec70b72,2026-07-16T14:26:14Z,CBM,2026-07-16,07:28:17,RIO LARGO,INCÊNDIO,Diversos - Sistemas de energia renovável,"PRAÇA PADRE CÍCERO, RIO LARGO-AL",1 VIATURAS EMPREGADAS.,7 MILITARES EMPREGADOS.,-9.4841149,-35.8518188
2d267d195b0aa000,2026-07-18T03:36:55Z,CBMAL,2026-07-17,05:03:19,MACEIÓ,INCÊNDIO,Vegetação - Outras vegetações,"RUA DONA AFRA CAMELO, MACEIÓ-AL",0 VIATURAS EMPREGADAS.,0 MILITARES EMPREGADOS.,-9.54198,-35.7863514
dbcb9e8b60e76707,2026-07-18T08:11:09Z,CBMAL,2026-07-17,06:16:04,CAPELA,INCÊNDIO,Diversos - Outros Incêndios,"RUA DO ALTO, CAPELA-AL",0 VIATURAS EMPREGADAS.,0 MILITARES EMPREGADOS.,,
be92fb07df44ba8f,2026-07-18T13:52:46Z,CBM,2026-07-17,16:17:28,ARAPIRACA,INCÊNDIO,Edificação - Residencial,"RUA JOÃO JORGE, 57, ARAPIRACA-AL",1 VIATURAS EMPREGADAS.,3 MILITARES EMPREGADOS.,,
98a5c5e9cf9528f8,2026-07-18T13:52:46Z,CBM,2026-07-17,23:10:03,MACEIÓ,INCÊNDIO,Meio de Transporte - Veículo de passeio,"EDIFÍCIO VIVARAR. SEN. RUI PALMEIRA, 215 , MACEIÓ-AL",4 VIATURAS EMPREGADAS.,14 MILITARES EMPREGADOS.,-9.6581456,-35.7081432
3ec0e582aa3ae709,2026-07-19T03:58:57Z,CBM,2026-07-18,09:54:01,MACEIÓ,INCÊNDIO,Edificação - Residencial,"AVENIDA DOUTOR MÁRIO NUNES VIEIRA, MACEIÓ-AL",4 VIATURAS EMPREGADAS.,14 MILITARES EMPREGADOS.,-9.6422624,-35.706404
f240bc6ccc272da7,2026-07-19T03:58:57Z,CBMAL,2026-07-18,22:10:51,ARAPIRACA,INCÊNDIO,Edificação - Residencial,"RUA FERNANDES LIMA, 19, ARAPIRACA-AL",0 VIATURAS EMPREGADAS.,0 MILITARES EMPREGADOS.,-9.7541129,-36.6611165
a59db2f09f590a4e,2026-07-21T08:48:33Z,CBM,2026-07-20,10:34:43,MARECHAL DEODORO,INCÊNDIO,Edificação - Comercial,"AVENIDA VERDES MARES, MARECHAL DEODORO-AL",0 VIATURAS EMPREGADAS.,4 MILITARES EMPREGADOS.,-9.7695273,-35.839626
600c2e1d34eeb05d,2026-07-21T14:26:31Z,CBMAL,2026-07-20,13:26:03,MACEIÓ,INCÊNDIO,Diversos - Outros Incêndios,"CONJUNTO EUSTÁQUIO GOMES, RUA EXPEDITO VITOR FERREIRA, MACEIÓ-AL",0 VIATURAS EMPREGADAS.,0 MILITARES EMPREGADOS.,-9.5400126,-35.7837840
d25b15fc586a8257,2026-07-21T19:54:27Z,CBM,2026-07-20,18:18:31,TANQUE D'ARCA,INCÊNDIO,Meio de Transporte - Outro / Veículo,"MARGENS DA RODOVIA AL-110 TREVO DE ACESSO À VILA APARECIDA SOLICITANTE - COPOM PMA, TANQUE D'ARCA-AL",1 VIATURAS EMPREGADAS.,5 MILITARES EMPREGADOS.,,
7ccaccb9d1036201,2026-07-21T19:54:27Z,CBMAL,2026-07-21,01:50:52,RIO LARGO,INCÊNDIO,Diversos - Outros Incêndios,"AVENIDA NAPOLEÃO VIANA, RIO LARGO-AL",0 VIATURAS EMPREGADAS.,0 MILITARES EMPREGADOS.,-9.4975673,-35.8167331
d300b183439c5ff7,2026-07-21T19:54:27Z,CBM,2026-07-21,02:38:40,MACEIÓ,INCÊNDIO,Diversos - Outros Incêndios,"CJ. GURIATÃ, QD B-5, Nº 15, MACEIÓ-AL",1 VIATURAS EMPREGADAS.,3 MILITARES EMPREGADOS.,-9.6476843,-35.7339264
04a908e4fc1ae8b5,2026-07-22T08:47:11Z,CBM,2026-07-21,06:04:10,ROTEIRO,INCÊNDIO,Meio de Transporte - Veículo de Carga,"BR 349, ROTEIRO-AL",1 VIATURAS EMPREGADAS.,3 MILITARES EMPREGADOS.,-9.8585132,-35.9190384
56462c509ab94522,2026-07-22T08:47:11Z,CBMAL,2026-07-21,06:26:21,MACEIÓ,INCÊNDIO,Diversos - Outros Incêndios,"CONJ DOS TAXISTAS, QUADRA 3, MACEIÓ-AL",0 VIATURAS EMPREGADAS.,0 MILITARES EMPREGADOS.,-9.6476843,-35.7339264
73cc128dec208433,2026-07-22T08:47:11Z,CBMAL,2026-07-21,11:05:43,MACEIÓ,INCÊNDIO,Diversos - Outros Incêndios,"RUA C 14, N° 105, MACEIÓ-AL",0 VIATURAS EMPREGADAS.,0 MILITARES EMPREGADOS.,-9.5607925,-35.7738208
a6a322196ae5ea34,2026-07-22T14:26:59Z,CBM E SAMU,2026-07-21,14:45:58,MACEIÓ,INCÊNDIO,Edificação - Residencial,"RUA AURELIANO DUARTE, MACEIÓ-AL",2 VIATURAS EMPREGADAS.,9 MILITARES EMPREGADOS.,-9.6397374,-35.7163487
8cd12dcc4e66dfa4,2026-07-22T19:51:57Z,CBM,2026-07-21,19:04:43,MACEIÓ,INCÊNDIO,Edificação - Residencial,"RUA HÉLIO PRADINES, N200, MACEIÓ-AL",3 VIATURAS EMPREGADAS.,8 MILITARES EMPREGADOS.,-9.6575141,-35.7043533
1b302971dcc32369,2026-07-22T19:51:57Z,CBM,2026-07-21,23:12:09,MACEIÓ,INCÊNDIO,Edificação - Comercial,"AVENIDA DOUTOR FERNANDO DO COUTO MALTA, MACEIÓ-AL",3 VIATURAS EMPREGADAS.,10 MILITARES EMPREGADOS.,-9.5507652,-35.7464155
50851abd3dcc4e91,2026-07-23T08:46:42Z,CBM,2026-07-22,06:57:26,MACEIÓ,INCÊNDIO,Diversos - Outros Incêndios,"AV BENEDITO CALACA LOUREIRO, MACEIÓ-AL",1 VIATURAS EMPREGADAS.,3 MILITARES EMPREGADOS.,-9.5430556,-35.7532808
309829a6f420d9de,2026-07-23T14:35:39Z,CBM,2026-07-22,12:44:47,SANTANA DO IPANEMA,INCÊNDIO,Edificação - Órgão Público,"CREAS GILDETE DE OLIVEIRA BARROS - BAIRRO: FLORESTA, SANTANA DO IPANEMA-AL",2 VIATURAS EMPREGADAS.,7 MILITARES EMPREGADOS.,-9.3767732,-37.2538227
464c664ac8e0db5a,2026-07-23T14:35:39Z,CBM,2026-07-22,13:27:15,RIO LARGO,INCÊNDIO,Vegetação - Canavial,"RODOVIA BR-104, RIO LARGO-AL",1 VIATURAS EMPREGADAS.,3 MILITARES EMPREGADOS.,-9.4797444,-35.8197698
38b017afeb1669bd,2026-07-24T03:47:19Z,CBM,2026-07-23,02:11:56,MACEIÓ,INCÊNDIO,Diversos - Outros Incêndios,"CJ. SANTO ONOFRE, RUA A, MACEIÓ-AL",2 VIATURAS EMPREGADAS.,7 MILITARES EMPREGADOS.,-9.5479171,-35.7855604
8ac0265b03e4dc3e,2026-07-24T03:47:19Z,CBM,2026-07-23,05:37:22,BATALHA,INCÊNDIO,Meio de Transporte - Veículo de Carga,"RODOVIA AL-220, BATALHA-AL",1 VIATURAS EMPREGADAS.,3 MILITARES EMPREGADOS.,-9.6623456,-37.1234754
c3d5c4eff43d291c,2026-07-24T03:47:19Z,CBM,2026-07-23,10:41:07,MACEIÓ,INCÊNDIO,Edificação - Residencial,"RUA VALDEMAR PEDRO DA SILVA, MACEIÓ-AL",2 VIATURAS EMPREGADAS.,6 MILITARES EMPREGADOS.,-9.5792881,-35.7872680
af1ac97c794631cd,2026-07-24T19:49:19Z,CBM,2026-07-23,17:03:07,MACEIÓ,INCÊNDIO,Meio de Transporte - Veículo de passeio,"RUA DO SOL, MACEIÓ-AL",1 VIATURAS EMPREGADAS.,4 MILITARES EMPREGADOS.,-9.6628217,-35.7371912
07c982466fc3e077,2026-07-24T19:49:19Z,CBM,2026-07-24,04:17:39,MARIBONDO,INCÊNDIO,Edificação - Órgão Público,"MARIBONDO, MARIBONDO-AL",2 VIATURAS EMPREGADAS.,6 MILITARES EMPREGADOS.,-9.5509793,-36.3015431
6077adb1c79192cf,2026-07-24T19:49:19Z,CBM,2026-07-24,12:34:44,MACEIÓ,INCÊNDIO,Edificação - Comercial,"RUA N, 15, , MACEIÓ-AL",3 VIATURAS EMPREGADAS.,10 MILITARES EMPREGADOS.,-9.5641724,-35.7509206
df3c8dd1379e714d,2026-07-26T03:59:10Z,CBM,2026-07-25,10:10:53,SÃO MIGUEL DOS CAMPOS,INCÊNDIO,Diversos - Outros Incêndios,"CONJUNTO HÉLIO JATOBÁ I, QUADRA S1, LOTE 36, SÃO MIGUEL DOS CAMPOS-AL",1 VIATURAS EMPREGADAS.,4 MILITARES EMPREGADOS.,-9.7831115,-36.0967804
4348aff7b068d941,2026-07-26T19:37:42Z,CBM,2026-07-25,17:17:30,ARAPIRACA,INCÊNDIO,Edificação - Comercial,"RUA DELMIRO GOUVEIA, ARAPIRACA-AL",3 VIATURAS EMPREGADAS.,10 MILITARES EMPREGADOS.,-9.7398397,-36.6605026
4908e965d66a5c53,2026-07-26T19:37:42Z,CBM,2026-07-25,20:00:02,SÃO SEBASTIÃO,INCÊNDIO,Meio de Transporte - Veículo de passeio,"RODOVIA HÉLIO NOGUEIRA LOPES, SÃO SEBASTIÃO-AL",1 VIATURAS EMPREGADAS.,3 MILITARES EMPREGADOS.,-9.9623136,-36.5274422
1c4bd51168bb4ac5,2026-07-26T19:37:42Z,CBM,2026-07-25,23:13:09,SÃO LUÍS DO QUITUNDE,INCÊNDIO,Meio de Transporte - Veículo de Carga,"AL 105, SÃO LUÍS DO QUITUNDE-AL",1 VIATURAS EMPREGADAS.,3 MILITARES EMPREGADOS.,-9.3289066,-35.567728
037a9a984cd26a96,2026-07-27T04:05:43Z,CBM,2026-07-26,07:05:11,MACEIÓ,INCÊNDIO,Meio de Transporte - Veículo de passeio,"CONJUNTO COLINA DOS EUCALIPTOS, MACEIÓ-AL",1 VIATURAS EMPREGADAS.,4 MILITARES EMPREGADOS.,-9.6476843,-35.7339264
4606e1b557be1a6f,2026-07-27T04:05:43Z,CBM,2026-07-26,07:51:17,MACEIÓ,INCÊNDIO,Meio de Transporte - Veículo de passeio,"CIDADE UNIVERSITÁRIA, MACEIÓ-AL",1 VIATURAS EMPREGADAS.,4 MILITARES EMPREGADOS.,-9.5474019,-35.7653816
edab437a785d99e1,2026-07-27T04:05:43Z,CBM,2026-07-26,12:46:17,PALMEIRA DOS ÍNDIOS,INCÊNDIO,Edificação - Comercial,"BR 316, PALMEIRA DOS ÍNDIOS-AL",2 VIATURAS EMPREGADAS.,8 MILITARES EMPREGADOS.,-9.3986085,-36.7111648
2d2ea8ac07f79800,2026-07-27T04:05:43Z,CBM,2026-07-26,17:47:16,MACEIÓ,INCÊNDIO,Diversos - Outros Incêndios,"AVENIDA ASSIS CHATEAUBRIAND, EDF VIA COSTEIRA, MACEIÓ-AL",1 VIATURAS EMPREGADAS.,4 MILITARES EMPREGADOS.,-9.6988304,-35.7790784
a77056614a29af07,2026-07-27T04:05:43Z,CBM,2026-07-26,18:29:54,ARAPIRACA,INCÊNDIO,Vegetação - Outras vegetações,"RUA DO SOL, ARAPIRACA-AL",1 VIATURAS EMPREGADAS.,3 MILITARES EMPREGADOS.,-9.7201634,-36.6695625
9e2791534e993130,2026-07-27T04:05:43Z,CBM,2026-07-26,20:10:52,MARECHAL DEODORO,INCÊNDIO,Edificação - Residencial,"RESIDENCIAL DENISON AMORIN, QD 7, LOTE 2 - POVOADO PEDRAS, MARECHAL DEODORO-AL",1 VIATURAS EMPREGADAS.,3 MILITARES EMPREGADOS.,-9.7519999,-35.8753136
232dd5d640337cf6,2026-07-28T03:40:43Z,CBM,2026-07-27,19:36:33,MACEIÓ,INCÊNDIO,Vegetação - Mata/Floresta,"ALTO DE IPIOCA, MACEIÓ-AL",1 VIATURAS EMPREGADAS.,3 MILITARES EMPREGADOS.,-9.52578,-35.6113331
6488a14954b1d207,2026-07-29T22:30:29Z,CBMAL,2026-07-28,20:05:19,MACEIÓ,INCÊNDIO,Diversos - Outros Incêndios,"CONJUNTO EUSTÁQUIO GOMES, QUADRA 17 Nº 76, MACEIÓ-AL",0 VIATURAS EMPREGADAS.,0 MILITARES EMPREGADOS.,-9.6476843,-35.7339264
4797441ea7b2b95d,2026-07-29T22:30:29Z,CBM,2026-07-29,01:03:45,ARAPIRACA,INCÊNDIO,Edificação - Residencial,"RUA PEDRO ALEXANDRE, 278, ARAPIRACA-AL",1 VIATURAS EMPREGADAS.,3 MILITARES EMPREGADOS.,-9.7250084,-36.6981008
21252f61f74a25f4,2026-07-30T14:35:29Z,CBM,2026-07-29,13:53:04,RIO LARGO,INCÊNDIO,Edificação - Residencial,"LOTEAMENTO TRES AMIGOS, QD F, RIO LARGO-AL",4 VIATURAS EMPREGADAS.,13 MILITARES EMPREGADOS.,-9.4970774,-35.8152784
339d0657a585cff4,2026-07-30T14:35:29Z,CBM,2026-07-29,15:53:49,PENEDO,INCÊNDIO,Vegetação - Outras vegetações,"PENEDO, PENEDO-AL",1 VIATURAS EMPREGADAS.,3 MILITARES EMPREGADOS.,-10.2319701,-36.5075225
9eaa6304a77ae0b1,2026-07-30T14:35:29Z,CBM,2026-07-29,16:10:03,MACEIÓ,INCÊNDIO,Edificação - Residencial,"ED. RIO GRANDE DO SUL, MACEIÓ-AL",1 VIATURAS EMPREGADAS.,4 MILITARES EMPREGADOS.,-9.6476843,-35.7339264
6cd7f21cb0b642fd,2026-07-30T14:35:29Z,CBM,2026-07-29,16:26:01,MARAGOGI,INCÊNDIO,Meio de Transporte - Veículo de passeio,"BARRA GRANDE, NO CORRE AGUA, EM FRENTE AO MERCADINHO DO FELIPE, MARAGOGI-AL",1 VIATURAS EMPREGADAS.,3 MILITARES EMPREGADOS.,-8.9881681,-35.1998405
79fa7da2b7e92929,2026-07-30T14:35:29Z,CBM,2026-07-29,16:35:52,PIRANHAS,INCÊNDIO,Vegetação - Outras vegetações,"PIRANHAS, PIRANHAS-AL",1 VIATURAS EMPREGADAS.,3 MILITARES EMPREGADOS.,-9.5279041,-37.7439317
79ff8d339fda92c4,2026-07-30T19:55:07Z,CBM,2026-07-29,20:55:48,MACEIÓ,INCÊNDIO,Edificação - Comercial,"R. PROFA. MARIA ESTHER DA COSTA BARROS, 306 - JATIÚCA, MACEIÓ - AL, 57036-840, MACEIÓ-AL",1 VIATURAS EMPREGADAS.,3 MILITARES EMPREGADOS.,-9.650342,-35.7051617
b518fb12ca1bc2f3,2026-07-31T03:53:50Z,CBMAL,2026-07-30,07:11:49,ARAPIRACA,INCÊNDIO,Diversos - Outros Incêndios,"RUA ANTÔNIO CAVALCANTE GAMA, ARAPIRACA-AL",0 VIATURAS EMPREGADAS.,0 MILITARES EMPREGADOS.,-9.7576586,-36.6701501
b9480beb4cd760f5,2026-07-31T03:53:50Z,CBM,2026-07-30,08:23:21,ARAPIRACA,INCÊNDIO,Diversos - Outros Incêndios,"ARAPIRACA, ARAPIRACA-AL",1 VIATURAS EMPREGADAS.,3 MILITARES EMPREGADOS.,-9.7584306,-36.6431532
996ec06f0fde2517,2026-07-31T03:53:50Z,CBM,2026-07-30,12:09:59,MACEIÓ,INCÊNDIO,Edificação - Residencial,"RUA DA SAUDADE, MACEIÓ-AL",4 VIATURAS EMPREGADAS.,11 MILITARES EMPREGADOS.,-9.6332191,-35.7219673
fec1b2081e63acc0,2026-07-31T03:53:50Z,CBM,2026-07-30,18:07:24,MACEIÓ,INCÊNDIO,Vegetação - Outras vegetações,"TRAVESSA CLUBE DE REGATAS BRASIL, , MACEIÓ-AL",2 VIATURAS EMPREGADAS.,4 MILITARES EMPREGADOS.,,
c3782aabd38808ed,2026-07-31T03:53:50Z,CBM,2026-07-30,19:26:01,MACEIÓ,INCÊNDIO,Edificação - Residencial,"RUA SENADOR TEOTONIO VILELA, 5-C, MACEIÓ-AL",5 VIATURAS EMPREGADAS.,13 MILITARES EMPREGADOS.,-9.6630552,-35.7216303
ec0b48fff345a1f7,2026-07-31T03:53:50Z,CBM,2026-07-30,20:41:26,RIO LARGO,INCÊNDIO,Edificação - Residencial,"JARBAS OITICICA, QD F-2, Nº 15, RIO LARGO-AL",5 VIATURAS EMPREGADAS.,13 MILITARES EMPREGADOS.,-9.4736644,-35.8113018
f70273793e4ee2f3,2026-08-01T03:53:56Z,CBM,2026-07-31,14:26:13,MACEIÓ,INCÊNDIO,Edificação - Residencial,"RUA SENADOR RUI PALMEIRA, MACEIÓ-AL",4 VIATURAS EMPREGADAS.,11 MILITARES EMPREGADOS.,-9.6337533,-35.7264932
bcf9fe21a902bfac,2026-08-01T03:53:56Z,CBM,2026-07-31,14:59:46,MACEIÓ,INCÊNDIO,Edificação - Residencial,"RUA MANOEL LOPES FLORENTINO DOS SANTOS, MACEIÓ-AL",3 VIATURAS EMPREGADAS.,11 MILITARES EMPREGADOS.,-9.5270122,-35.6062258
5ecee25c53aa4821,2026-08-01T03:53:56Z,CBM,2026-07-31,22:15:20,MACEIÓ,INCÊNDIO,Edificação - Residencial,"RUA JOEL VIEIRA DOS ANJOS, MACEIÓ-AL",1 VIATURAS EMPREGADAS.,4 MILITARES EMPREGADOS.,-9.6279409,-35.7205749
7a5fe979bdc6c53b,2026-08-02T03:16:51Z,CBM,2026-08-01,00:17:46,MACEIÓ,INCÊNDIO,Diversos - Outros Incêndios,"AVENIDA VALENTIM DOS SANTOS DINIZ, 409, MACEIÓ-AL",1 VIATURAS EMPREGADAS.,4 MILITARES EMPREGADOS.,-9.607302,-35.7367857
a26b2d94c12ef7dd,2026-08-02T14:00:08Z,CBM,2026-08-01,19:06:22,MACEIÓ,INCÊNDIO,Diversos - Outros Incêndios,"RUA CORONEL PARANHOS, MACEIÓ-AL",1 VIATURAS EMPREGADAS.,3 MILITARES EMPREGADOS.,-9.6536179,-35.7230807
7d21e07f4053d652,2026-08-02T14:00:08Z,CBM,2026-08-01,22:39:02,MACEIÓ,INCÊNDIO,Diversos - Outros Incêndios,"GRAND JARDIM DOS EUCALIPTOS, MACEIÓ-AL",1 VIATURAS EMPREGADAS.,4 MILITARES EMPREGADOS.,-9.5315988,-35.7836724
a4314f2423d2da6b,2026-08-03T03:58:11Z,CBM,2026-08-02,01:45:46,RIO LARGO,INCÊNDIO,Edificação - Residencial,"BAIRRO MATA DO ROLO, RUA GÉRSON WANDERLEY, N39, RIO LARGO-AL",4 VIATURAS EMPREGADAS.,15 MILITARES EMPREGADOS.,,
33eb90ba366db5b9,2026-08-03T03:58:11Z,CBMAL,2026-08-02,09:57:25,MARECHAL DEODORO,INCÊNDIO,Diversos - Outros Incêndios,"LOTEAMENTO RECANTO DOS COQUEIRAIS - FRANCÊS N 19, MARECHAL DEODORO-AL",0 VIATURAS EMPREGADAS.,0 MILITARES EMPREGADOS.,-9.7723932,-35.850614
f9b35429f8e888aa,2026-08-03T20:00:57Z,CBM,2026-08-02,23:27:45,SANTANA DO IPANEMA,INCÊNDIO,Diversos - Outros Incêndios,"LOTEAMENTO BRISA DA SERRA 1, CASA 59-A, SANTANA DO IPANEMA-AL",1 VIATURAS EMPREGADAS.,3 MILITARES EMPREGADOS.,-9.3682645,-37.2282566
40f6a06655534aa5,2026-08-04T14:42:05Z,CBM,2026-08-03,15:06:45,SANTANA DO IPANEMA,INCÊNDIO,Edificação - Comercial,"AVENIDA NOSSA SENHORA DE FÁTIMA, SANTANA DO IPANEMA-AL",2 VIATURAS EMPREGADAS.,8 MILITARES EMPREGADOS.,-9.3727213,-37.2420886
ef787b1122a52f6e,2026-08-04T14:42:05Z,CBM,2026-08-03,18:52:17,RIO LARGO,INCÊNDIO,Edificação - Residencial,"RIO LARGO, RIO LARGO-AL",1 VIATURAS EMPREGADAS.,4 MILITARES EMPREGADOS.,-9.4818831,-35.8603319
c6f1af8c72b6f59d,2026-08-04T14:42:05Z,CBM,2026-08-04,01:54:08,MACEIÓ,INCÊNDIO,Edificação - Outras Edificações,"RUA JARDINEIRA, MACEIÓ-AL",1 VIATURAS EMPREGADAS.,4 MILITARES EMPREGADOS.,-9.6532891,-35.7255921
1e6d4f828c891538,2026-08-05T09:08:47Z,CBM,2026-08-04,06:39:55,MACEIÓ,INCÊNDIO,Edificação - Residencial,"AVENIDA JOSÉ AÍRTON GONDIM LAMENHA, 900 - CONDOMINIO OCEANIS, MACEIÓ-AL",1 VIATURAS EMPREGADAS.,4 MILITARES EMPREGADOS.,,
4efc4322145a66c8,2026-08-05T09:08:47Z,CBM,2026-08-04,16:24:17,PALMEIRA DOS ÍNDIOS,INCÊNDIO,Edificação - Residencial,"AVENIDA GENÉSIO MOREIRA, PALMEIRA DOS ÍNDIOS-AL",2 VIATURAS EMPREGADAS.,7 MILITARES EMPREGADOS.,,
aaf7436ea8b537c0,2026-08-05T09:08:47Z,CBM,2026-08-04,18:19:46,ARAPIRACA,INCÊNDIO,Edificação - Industrial,"GUARIBAS, ARAPIRACA-AL",1 VIATURAS EMPREGADAS.,3 MILITARES EMPREGADOS.,-9.7850164,-36.6587819
f347ef95d39ffcff,2026-08-06T03:42:52Z,CBM,2026-08-05,16:37:17,MACEIÓ,INCÊNDIO,Edificação - Residencial,"RUA DOUTOR ROLAND SIMONS, MACEIÓ-AL",6 VIATURAS EMPREGADAS.,16 MILITARES EMPREGADOS.,-9.6412953,-35.7068288
b6501164ababf694,2026-08-07T13:41:38Z,CBM,2026-08-06,13:23:13,MARAVILHA,INCÊNDIO,Edificação - Residencial,"LAGOA DO PICO, MARAVILHA-AL",2 VIATURAS EMPREGADAS.,8 MILITARES EMPREGADOS.,-9.2260567,-37.3514887
6f7a65f6450705f2,2026-08-07T19:18:32Z,CBM,2026-08-06,17:10:32,JAPARATINGA,INCÊNDIO,Edificação - Residencial,"RUA FRANCISCO DE BARROS REGIS, JAPARATINGA-AL",2 VIATURAS EMPREGADAS.,6 MILITARES EMPREGADOS.,-9.1019379,-35.2598855
56467090f69b4c88,2026-08-07T19:18:32Z,CBM,2026-08-06,19:24:03,MACEIÓ,INCÊNDIO,Diversos - Outros Incêndios,"RUA GOVERNADOR FRANCISCO MELO, MACEIÓ-AL",3 VIATURAS EMPREGADAS.,9 MILITARES EMPREGADOS.,,
c46292adf0221057,2026-08-07T19:18:32Z,CBM,2026-08-06,20:22:24,JACARÉ DOS HOMENS,INCÊNDIO,Vegetação - Outras vegetações,"FAZENDA GARROTE - POVOADO GARROTE, JACARÉ DOS HOMENS-AL",1 VIATURAS EMPREGADAS.,3 MILITARES EMPREGADOS.,,
6ddec16b1ef9dfe9,2026-08-07T19:18:32Z,CBM,2026-08-06,21:17:35,SÃO SEBASTIÃO,INCÊNDIO,Edificação - Residencial,"CENTRO DE SÃO SEBASTIÃO, SÃO SEBASTIÃO-AL",1 VIATURAS EMPREGADAS.,3 MILITARES EMPREGADOS.,,
c34ab9c603f2d05c,2026-08-08T02:23:33Z,CBM,2026-08-07,00:20:02,DELMIRO GOUVEIA,INCÊNDIO,Vegetação - Mata/Floresta,"DELMIRO GOUVEIA, DELMIRO GOUVEIA-AL",1 VIATURAS EMPREGADAS.,3 MILITARES EMPREGADOS.,-9.3995135,-38.0432172
e278a6e8ac5bb562,2026-08-08T02:23:33Z,CBM,2026-08-07,00:55:41,MACEIÓ,INCÊNDIO,Edificação - Residencial,"AVENIDA SEBASTIÃO CORREIA DA ROCHA, MACEIÓ-AL",3 VIATURAS EMPREGADAS.,9 MILITARES EMPREGADOS.,-9.5907567,-35.7624389
3c8a28ec262704bb,2026-08-08T02:23:33Z,CBM,2026-08-07,02:42:46,MACEIÓ,INCÊNDIO,Edificação - Residencial,"POVOADO SÍTIO DO RECREIO, PRAÇA PINGO D'AGUA, MACEIÓ-AL",4 VIATURAS EMPREGADAS.,12 MILITARES EMPREGADOS.,,
102b6c987fa956c8,2026-08-08T02:23:33Z,CBM,2026-08-07,08:14:09,MACEIÓ,INCÊNDIO,Meio de Transporte - Veículo de passeio,"PARQUE BAIA DE CADIZ, MACEIÓ-AL",1 VIATURAS EMPREGADAS.,4 MILITARES EMPREGADOS.,-9.5611603,-35.7468313
8f17600502d29225,2026-08-08T13:14:46Z,CBM,2026-08-07,12:09:50,PENEDO,INCÊNDIO,Edificação - Outras Edificações,"RUA GETÚLIO VARGAS, PENEDO-AL",1 VIATURAS EMPREGADAS.,3 MILITARES EMPREGADOS.,,
cd9e3f14e8e4e444,2026-08-08T13:14:46Z,CBMAL,2026-08-07,20:16:48,MACEIÓ,INCÊNDIO,Diversos - Outros Incêndios,"RUA TEONILO GAMA, MACEIÓ-AL",0 VIATURAS EMPREGADAS.,0 MILITARES EMPREGADOS.,-9.6753069,-35.7556874
f28c0f0500098a8f,2026-08-08T13:14:46Z,CBM,2026-08-07,23:10:43,MACEIÓ,INCÊNDIO,Edificação - Comercial,"RUA CAMARAGIBE, MACEIÓ-AL",1 VIATURAS EMPREGADAS.,4 MILITARES EMPREGADOS.,-9.6282325,-35.7457504
03f4f1012712c0cb,2026-08-09T02:31:35Z,CBM,2026-08-07,23:37:14,BARRA DE SÃO MIGUEL,INCÊNDIO,Edificação - Residencial,"CONJUNTO CONJUNTO BENEDITO DE LIRA, BARRA DE SÃO MIGUEL-AL",4 VIATURAS EMPREGADAS.,9 MILITARES EMPREGADOS.,-9.8261357,-35.8837777
e5877185278027ac,2026-08-09T07:25:46Z,CBM,2026-08-08,15:31:16,DELMIRO GOUVEIA,INCÊNDIO,Edificação - Residencial,"RUA DOS GUARARAPES, 98, DELMIRO GOUVEIA-AL",2 VIATURAS EMPREGADAS.,6 MILITARES EMPREGADOS.,-9.3886787,-37.9910402
b1acc6a70d88fa60,2026-08-09T07:25:46Z,CBM,2026-08-08,19:45:27,SÃO JOSÉ DA TAPERA,INCÊNDIO,Edificação - Residencial,"SÃO JOSÉ DA TAPERA, SÃO JOSÉ DA TAPERA-AL",2 VIATURAS EMPREGADAS.,9 MILITARES EMPREGADOS.,-9.5311352,-37.4623137
cbeb92a8eecc0981,2026-08-09T07:25:46Z,CBM,2026-08-08,20:56:26,MACEIÓ,INCÊNDIO,Edificação - Residencial,"AVENIDA TACREDO NEVES, MACEIÓ-AL",1 VIATURAS EMPREGADAS.,4 MILITARES EMPREGADOS.,,
dd9341ad344b76ef,2026-08-10T02:36:56Z,CBMAL,2026-08-09,01:11:54,MACEIÓ,INCÊNDIO,Diversos - Outros Incêndios,"CJ. MORADA DOS PALMARES, QD -B, Nº 22, MACEIÓ-AL",0 VIATURAS EMPREGADAS.,0 MILITARES EMPREGADOS.,-9.6476843,-35.7339264
69f4e78d8d346cb9,2026-08-10T02:36:56Z,CBM,2026-08-09,01:43:45,MACEIÓ,INCÊNDIO,Vegetação - Outras vegetações,"AVENIDA FRANCISCO AFONSO DE MELLO, , MACEIÓ-AL",1 VIATURAS EMPREGADAS.,4 MILITARES EMPREGADOS.,-9.586495,-35.7606501
e07df9902f7e0143,2026-08-10T19:19:19Z,CBM,2026-08-09,17:05:50,ARAPIRACA,INCÊNDIO,Vegetação - Rasteira/Terreno baldio,"RUA SÃO JOÃO JAIRO, ARAPIRACA-AL",1 VIATURAS EMPREGADAS.,3 MILITARES EMPREGADOS.,,
abddebd683b92ff3,2026-08-10T19:19:19Z,CBM,2026-08-09,20:12:34,MACEIÓ,INCÊNDIO,Edificação - Comercial,"RUA O - LOTEAMENTO CANTO DO MAINÁ, 189PA, MACEIÓ-AL",1 VIATURAS EMPREGADAS.,4 MILITARES EMPREGADOS.,,
b2508d7bb9edf5ae,2026-08-11T13:45:25Z,CBM,2026-08-10,12:54:34,ARAPIRACA,INCÊNDIO,Diversos - Outros Incêndios,"ARAPIRACA, ARAPIRACA-AL",1 VIATURAS EMPREGADAS.,3 MILITARES EMPREGADOS.,-9.7584306,-36.6431532
308b5c856d0b3914,2026-08-11T13:45:25Z,CBM,2026-08-10,18:07:11,MACEIÓ,INCÊNDIO,Diversos - Lixo / Container / Similar,"TV. GOV. LUIZ CAVALCANTE, 223, MACEIÓ-AL",1 VIATURAS EMPREGADAS.,4 MILITARES EMPREGADOS.,,
d9fbc43a2100126e,2026-08-11T13:45:25Z,CBM,2026-08-10,18:46:59,BRANQUINHA,INCÊNDIO,Edificação - Residencial,"RUA JÚLIO MAIA, BRANQUINHA-AL",2 VIATURAS EMPREGADAS.,7 MILITARES EMPREGADOS.,-9.2472635,-36.0166486
4cffac17f87b6913,2026-08-11T13:45:25Z,CBMAL,2026-08-10,20:16:10,MACEIÓ,INCÊNDIO,Diversos - Lixo / Container / Similar,"AVENIDA DOUTOR DURVAL DE GÓES MONTEIRO, MACEIÓ-AL",0 VIATURAS EMPREGADAS.,0 MILITARES EMPREGADOS.,-9.5993876,-35.7495706
81b69f300ce619a1,2026-08-11T13:45:25Z,CBM,2026-08-11,00:27:32,SÃO MIGUEL DOS CAMPOS,INCÊNDIO,Meio de Transporte - Veículo de passeio,"SÃO MIGUEL DOS CAMPOS, SÃO MIGUEL DOS CAMPOS-AL",1 VIATURAS EMPREGADAS.,4 MILITARES EMPREGADOS.,-9.7788879,-36.1059826
281c59b967df9388,2026-08-12T07:54:50Z,CBM,2026-08-11,09:55:53,MACEIÓ,INCÊNDIO,Meio de Transporte - Veículo de Carga,"AV. DURVAL DE GOES MONTEIRO, MACEIÓ-AL",1 VIATURAS EMPREGADAS.,4 MILITARES EMPREGADOS.,-9.6027044,-35.747222
68898685fb78f71a,2026-08-13T03:01:48Z,CBM,2026-08-12,02:51:54,MACEIÓ,INCÊNDIO,Diversos - Outros Incêndios,"ANTARES, MACEIÓ-AL",1 VIATURAS EMPREGADAS.,4 MILITARES EMPREGADOS.,-9.5794626,-35.7362542
ccccdbcd8b3c93dc,2026-08-13T13:51:12Z,CBM,2026-08-12,11:36:28,DELMIRO GOUVEIA,INCÊNDIO,Diversos - Lavagem de Pista,"BR 423 - RODOVIA MESTRE DOMIGUINHOS, DELMIRO GOUVEIA-AL",1 VIATURAS EMPREGADAS.,3 MILITARES EMPREGADOS.,,
6b008bd229a5c93b,2026-08-13T13:51:12Z,CBM,2026-08-12,16:07:52,ARAPIRACA,INCÊNDIO,Diversos - Lixo / Container / Similar,"RUA MARAVILHA, ARAPIRACA-AL",1 VIATURAS EMPREGADAS.,4 MILITARES EMPREGADOS.,-9.7550465,-36.6404585
2044631a5607157e,2026-08-13T19:28:04Z,CBM,2026-08-12,21:39:30,MARAGOGI,INCÊNDIO,Vegetação - Mata/Floresta,"RODOVIA AL 101 NORTE, MARAGOGI-AL",1 VIATURAS EMPREGADAS.,3 MILITARES EMPREGADOS.,-9.0133514,-35.2252709
6332574b83ce4079,2026-08-13T19:28:04Z,CBM,2026-08-13,10:01:11,MACEIÓ,INCÊNDIO,Diversos - Outros Incêndios,"ESTACIONAMENTO DO JARAGUÁ, MACEIÓ-AL",5 VIATURAS EMPREGADAS.,13 MILITARES EMPREGADOS.,-9.6720394,-35.7255065
d2e3d016b81eba7e,2026-08-13T19:28:04Z,CBM,2026-08-13,10:09:05,MARAGOGI,INCÊNDIO,Diversos - Outros Incêndios,"RODOVIA AL-101 NORTE, MARAGOGI-AL",1 VIATURAS EMPREGADAS.,3 MILITARES EMPREGADOS.,-9.0133514,-35.2252709
513ac825d17c9b7b,2026-08-13T19:28:04Z,CBM,2026-08-13,11:43:29,FLEXEIRAS,INCÊNDIO,Vegetação - Outras vegetações,"MANOBRAS, USINA BITITINGA, AS MARGENS DA BR 101 FLEXEIRAS, FLEXEIRAS-AL",1 VIATURAS EMPREGADAS.,3 MILITARES EMPREGADOS.,,
